"","group","famsize","se"
"Cuban","Cuban",2.80528123658222,0.174094776592582
"Mexican","Mexican",4.04822920010107,0.0424089723033615
"Non-Hispanic Black/African American","Non-Hispanic Black/African American",3.00093105206315,0.0322132478346694
"Non-Hispanic White","Non-Hispanic White",2.38975589738488,0.0199119564219783
"Other","Other",3.02452257003255,0.0384536481649638
"Puerto Rican","Puerto Rican",3.22476431363532,0.0645613622638616
