"","group","hhincome","se","weighted_median_hhincome"
"1","Cuban",271593.490553886,53967.154488299,116147
"2","Mexican",163926.029872431,5764.79287954294,82672
"3","Non-Hispanic Black/African American",313964.946226285,8070.07376359979,62037.0000000605
"4","Non-Hispanic White",438488.271924638,7388.99086700923,142600
"5","Other",299036.990656004,9073.8441292728,106362
"6","Puerto Rican",160137.126225465,10815.5215516591,79987
