"","race_ethnicity","avg_hhincome","avg_hhincome_se","weighted_median_hhincome"
"1","Black (non-Hispanic or Latino)",63357.0400638584,914.27580267129,54222.0000000181
"2","Mexican",79001.7545786244,1080.77297144308,72000
"3","Other (non-Hispanic or Latino)",129756.167090433,3570.58459023517,96948.5000000063
"4","Other Hispanic/Latino",85864.3925531345,2170.5266240026,71037.4999999971
"5","White (non-Hispanic or Latino)",149420.776952384,1565.94156546555,122751
