,race_ethnicity,total_weighted_pop_count,total_weighted_pop_count_se,total_weighted_poverty_count,total_weighted_poverty_count_se,poverty_rate
1,Black (non-Hispanic or Latino),778689,6004.397552,51325,1476.807931,6.591206502
2,Mexican,585724,5306.692835,11708,721.8970172,1.998893677
3,Other (non-Hispanic or Latino),264489,3512.957276,13583,722.8996364,5.135563294
4,Other Hispanic/Latino,209512,3035.578203,5854,434.0436641,2.794112032
5,White (non-Hispanic or Latino),884587,5248.345776,35613,955.7521182,4.025946572
