"","group","total_weighted_count","total_weighted_count_se","total_weighted_poverty_count","total_weighted_poverty_count_se","poverty_rate"
"1","Cuban",9316,650.176299252405,439,181.098750429612,4.71232288535852
"2","Mexican",585724,5306.69283455324,11708,709.573843294206,1.99889367688536
"3","Non-Hispanic Black/African American",778689,6004.39755181471,51325,1356.81662305138,6.59120650221077
"4","Non-Hispanic White",884587,5248.34577622681,35613,865.877289491123,4.02594657167695
"5","Other",369007,4061.34221814287,16335,751.218951479281,4.42674529209473
"6","Puerto Rican",95678,2079.73710937123,2663,279.255324204876,2.78329396517486
