"","tribe_label_collapsed","total_weighted_count","total_weighted_count_se"
"1","Apache",456,127.162754756189
"2","Cherokee",37,26.6076518345803
"3","Chippewa",73,36.6165043130334
"4","Eskimo",152,72.3746123101336
"5","Iroquois",49,28.3990951827471
"6","Latin American",9092,459.408914650904
"7","Navajo",591,253.518584972482
"8","Sioux",23,16.2661259819319
"9","Unspecified/Other",5029,421.002379007403
"10","Yaqui",148,81.965067562161
