"","school_type","weighted_count","weighted_count_se","percentage","percentage_se"
"1","Private",24364,1107.00051744043,0.142308096678855,0.00610456853375019
"2","Public",146842,2649.31408445064,0.857691903321145,0.00610456853375019
