"","speakeng","speakeng_label","percentage","percentage_se"
"1","1","Does not Speak English",0.0489855290204943,0.00212739139643692
"2","6","Yes, but not well",0.125844254290417,0.00318908862727731
"3","Total","-",0.174829783310911,0.00531648002371423
