"","group","num_enrolled_public","num_enrolled_public_se","num_enrolled_all_school","num_enrolled_all_school_se","percentage"
"1","Mexican citizen",3402,397.089473527253,4190,425.546848771663,81.1933174224344
"2","Mexican non-citizen",6356,608.840041576661,7526,661.260836975979,84.4538931703428
"3","Other Hispanic/Latino citizen",1446,242.643978955224,2233,316.335255748492,64.755933721451
"4","Other Hispanic/Latino non-citizen",3188,523.078505945035,4549,589.057486697563,70.0813365574852
