"","race_ethnicity","weighted_n_with_insurance","weighted_n_with_insurance_se","total_pop","total_pop_se","insurance_rate","no_insurance_rate"
"1","Black (non-Hispanic or Latino)",709021,5741.89663071535,778689,6004.39755181471,91.0531675675398,8.9468324324602
"2","Mexican",479781,4795.78579876116,585724,5306.69283455324,81.9124707199978,18.0875292800022
"3","Other (non-Hispanic or Latino)",243445,3370.09232298483,264489,3512.95727613199,92.0435254396213,7.95647456037869
"4","Other Hispanic/Latino",183759,2846.76101761883,209512,3035.57820276362,87.7081026385124,12.2918973614876
"5","White (non-Hispanic or Latino)",844121,5145.51669876872,884587,5248.34577622681,95.4254358248538,4.57456417514615
